<?xml version="1.0"?>
<backslash xmlns:backslash="http://slashdot.org/backslash.dtd">

	<story>
		<title>Do Not Call List Under Attack</title>
		<url>http://slashdot.org/article.pl?sid=05/07/21/1439206</url>
		<time>2005-07-21 16:48:00</time>
		<author>Zonk</author>
		<department>reach-out-and-annoy-someone</department>
		<topic>158</topic>
		<comments>0</comments>
		<section>yro</section>
		<image>topicprivacy.gif</image>
	</story>

	<story>
		<title>Firefox 1.1 Scrapped</title>
		<url>http://slashdot.org/article.pl?sid=05/07/21/142215</url>
		<time>2005-07-21 16:12:00</time>
		<author>Zonk</author>
		<department>doing-it-up-right</department>
		<topic>154</topic>
		<comments>118</comments>
		<section>mainpage</section>
		<image>topicmozilla.gif</image>
	</story>

	<story>
		<title>World of Warcraft For The Win</title>
		<url>http://slashdot.org/article.pl?sid=05/07/21/1341215</url>
		<time>2005-07-21 15:36:00</time>
		<author>Zonk</author>
		<department>we-can-all-go-home-now</department>
		<topic>209</topic>
		<comments>153</comments>
		<section>games</section>
		<image>topicgamesrpg.gif</image>
	</story>

	<story>
		<title>Space Shuttle Discovery to Launch July 26</title>
		<url>http://slashdot.org/article.pl?sid=05/07/21/1220218</url>
		<time>2005-07-21 14:50:00</time>
		<author>Zonk</author>
		<department>make-rocket-go-now!</department>
		<topic>160</topic>
		<comments>78</comments>
		<section>science</section>
		<image>topicspace.gif</image>
	</story>

	<story>
		<title>Microsoft Continues Anti-OSS Strategy</title>
		<url>http://slashdot.org/article.pl?sid=05/07/21/1218247</url>
		<time>2005-07-21 14:18:00</time>
		<author>Zonk</author>
		<department>a-little-innovation-here-a-little-bad-press-there</department>
		<topic>109</topic>
		<comments>448</comments>
		<section>linux</section>
		<image>topicms.gif</image>
	</story>

	<story>
		<title>Security Hackers Interviewed</title>
		<url>http://slashdot.org/article.pl?sid=05/07/21/1215217</url>
		<time>2005-07-21 13:49:00</time>
		<author>Zonk</author>
		<department>learning-from-the-blue-hats</department>
		<topic>172</topic>
		<comments>35</comments>
		<section>yro</section>
		<image>topicsecurity.gif</image>
	</story>

	<story>
		<title>Pay-Per-Click Speculation Market Soaring</title>
		<url>http://slashdot.org/article.pl?sid=05/07/21/124230</url>
		<time>2005-07-21 12:54:00</time>
		<author>Zonk</author>
		<department>making-money-where-you-can</department>
		<topic>217</topic>
		<comments>93</comments>
		<section>mainpage</section>
		<image>topicgoogle.gif</image>
	</story>

	<story>
		<title>Websurfing Damaging U.S. Productivity?</title>
		<url>http://slashdot.org/article.pl?sid=05/07/21/0132206</url>
		<time>2005-07-21 12:08:00</time>
		<author>samzenpus</author>
		<department>forget-your-job-keep-reading</department>
		<topic>95</topic>
		<comments>288</comments>
		<section>mainpage</section>
		<image>topicinternet.gif</image>
	</story>

	<story>
		<title>VoIP Providers Worry as FCC Clams Up</title>
		<url>http://slashdot.org/article.pl?sid=05/07/21/0135213</url>
		<time>2005-07-21 09:23:00</time>
		<author>samzenpus</author>
		<department>911-404-error</department>
		<topic>126</topic>
		<comments>166</comments>
		<section>mainpage</section>
		<image>topictech2.gif</image>
	</story>

	<story>
		<title>Riot Control Ray-Gun for Use in Iraq</title>
		<url>http://slashdot.org/article.pl?sid=05/07/21/0141214</url>
		<time>2005-07-21 06:08:00</time>
		<author>samzenpus</author>
		<department>not-just-for-popcorn</department>
		<topic>126</topic>
		<comments>879</comments>
		<section>mainpage</section>
		<image>topictech2.gif</image>
	</story>

</backslash>
